adjusted close,close,date,dividend amount,high,low,open,split coefficient,volume
1.5080,1.5080,2020-05-12,0.0000,1.6200,1.5080,1.5700,1.0000,10268
1.5900,1.5900,2020-05-11,0.0000,1.6100,1.4650,1.5500,1.0000,74489
1.8100,1.8100,2020-05-08,0.0000,1.8100,1.7700,1.7700,1.0000,3348
1.8400,1.8400,2020-05-07,0.0000,1.8400,1.7350,1.7400,1.0000,7684
1.8000,1.8000,2020-05-06,0.0000,1.8200,1.8000,1.8200,1.0000,33900
1.8800,1.8800,2020-05-05,0.0000,1.8800,1.8500,1.8500,1.0000,2650
1.8300,1.8300,2020-05-04,0.0000,1.9500,1.8300,1.8500,1.0000,29380
1.9800,1.9800,2020-05-01,0.0000,2.0700,1.9000,1.9500,1.0000,7969
2.0700,2.0700,2020-04-30,0.0000,2.0700,1.9620,2.0700,1.0000,10206
2.1150,2.1150,2020-04-29,0.0000,2.1500,2.0850,2.1000,1.0000,19807
1.9500,1.9500,2020-04-28,0.0000,1.9500,1.7500,1.7500,1.0000,92917
1.7000,1.7000,2020-04-27,0.0000,1.7100,1.6510,1.6700,1.0000,8965
1.6500,1.6500,2020-04-24,0.0000,1.6850,1.6244,1.6700,1.0000,6134
1.6500,1.6500,2020-04-23,0.0000,1.6500,1.5600,1.5600,1.0000,21300
1.5500,1.5500,2020-04-22,0.0000,1.5600,1.5101,1.5300,1.0000,28341
1.4100,1.4100,2020-04-21,0.0000,1.5500,1.4100,1.5500,1.0000,46543
1.5050,1.5050,2020-04-20,0.0000,1.5400,1.4950,1.5100,1.0000,23859
1.5800,1.5800,2020-04-17,0.0000,1.6200,1.5300,1.5500,1.0000,46166
1.5200,1.5200,2020-04-16,0.0000,1.5500,1.4850,1.5500,1.0000,47675
1.5520,1.5520,2020-04-15,0.0000,1.5900,1.5200,1.5900,1.0000,95999
1.8450,1.8450,2020-04-14,0.0000,1.8600,1.7563,1.8600,1.0000,30750
1.9820,1.9820,2020-04-13,0.0000,2.0300,1.8800,1.9100,1.0000,20486
1.8800,1.8800,2020-04-09,0.0000,2.0200,1.8800,2.0200,1.0000,114194
1.9100,1.9100,2020-04-08,0.0000,1.9700,1.9100,1.9700,1.0000,37369
1.9460,1.9460,2020-04-07,0.0000,2.0100,1.9460,2.0000,1.0000,5425
1.8700,1.8700,2020-04-06,0.0000,1.8700,1.8200,1.8700,1.0000,14562
1.7600,1.7600,2020-04-03,0.0000,1.8300,1.7285,1.8300,1.0000,11551
1.8700,1.8700,2020-04-02,0.0000,1.8700,1.8200,1.8410,1.0000,4189
1.8207,1.8207,2020-04-01,0.0000,1.8700,1.8207,1.8700,1.0000,29889
1.9000,1.9000,2020-03-31,0.0000,1.9700,1.9000,1.9100,1.0000,6881
2.0800,2.0800,2020-03-30,0.0000,2.0800,1.9300,2.0400,1.0000,9682
2.2900,2.2900,2020-03-27,0.0000,2.2900,2.1200,2.1800,1.0000,32970
2.3800,2.3800,2020-03-26,0.0000,2.3800,2.0900,2.2300,1.0000,446480
2.1100,2.1100,2020-03-25,0.0000,2.1315,2.0100,2.0600,1.0000,74528
2.0300,2.0300,2020-03-24,0.0000,2.0400,1.8600,1.8700,1.0000,10433
1.8600,1.8600,2020-03-23,0.0000,1.8600,1.7450,1.7700,1.0000,45628
1.9600,1.9600,2020-03-20,0.0000,1.9990,1.9100,1.9700,1.0000,10786
1.8500,1.8500,2020-03-19,0.0000,1.9999,1.7400,1.8500,1.0000,144381
2.1000,2.1000,2020-03-18,0.0000,2.1200,1.9600,2.1200,1.0000,2662
2.1000,2.1000,2020-03-17,0.0000,2.3700,2.0500,2.1500,1.0000,16662
2.2500,2.2500,2020-03-16,0.0000,2.3500,2.1900,2.1900,1.0000,4847
2.5350,2.5350,2020-03-13,0.0000,2.7500,2.4000,2.7500,1.0000,26112
2.3500,2.3500,2020-03-12,0.0000,2.8500,2.3500,2.8500,1.0000,33022
3.0400,3.0400,2020-03-11,0.0000,3.1900,3.0400,3.1900,1.0000,3533
3.1540,3.1540,2020-03-10,0.0000,3.2150,3.0502,3.1500,1.0000,11332
3.0150,3.0150,2020-03-09,0.0000,3.1700,3.0150,3.0600,1.0000,8500
3.4000,3.4000,2020-03-06,0.0000,3.4750,3.4000,3.4250,1.0000,8712
3.5500,3.5500,2020-03-05,0.0000,3.5800,3.5156,3.5800,1.0000,25635
3.6700,3.6700,2020-03-04,0.0000,3.6700,3.6300,3.6300,1.0000,22484
3.7300,3.7300,2020-03-03,0.0000,3.7300,3.4300,3.6850,1.0000,10233
3.6300,3.6300,2020-03-02,0.0000,3.8000,3.6300,3.8000,1.0000,14457
3.6600,3.6600,2020-02-28,0.0000,3.7495,3.6600,3.7050,1.0000,3900
3.7528,3.7528,2020-02-27,0.0000,3.7900,3.6800,3.7000,1.0000,9015
3.9400,3.9400,2020-02-26,0.0000,3.9400,3.8800,3.9100,1.0000,12333
3.9450,3.9450,2020-02-25,0.0000,3.9900,3.9450,3.9800,1.0000,5070
4.1600,4.1600,2020-02-24,0.0000,4.2100,4.1300,4.2000,1.0000,13058
4.4200,4.4200,2020-02-21,0.0000,4.4400,4.2650,4.2700,1.0000,5277
4.2900,4.2900,2020-02-19,0.0000,4.2900,4.2900,4.2900,1.0000,4923
4.3000,4.3000,2020-02-18,0.0000,4.3100,4.3000,4.3100,1.0000,7201
4.5300,4.5300,2020-02-14,0.0000,4.5700,4.5150,4.5150,1.0000,493
4.4450,4.4450,2020-02-13,0.0000,4.4500,4.4400,4.4500,1.0000,976
4.5700,4.5700,2020-02-12,0.0000,4.5700,4.4600,4.4600,1.0000,3042
4.3500,4.3500,2020-02-11,0.0000,4.3500,4.1900,4.2500,1.0000,15190
4.4100,4.4100,2020-02-10,0.0000,4.4600,4.3750,4.4200,1.0000,27005
4.8000,4.8000,2020-02-07,0.0000,4.8440,4.7350,4.7400,1.0000,10400
4.8400,4.8400,2020-02-06,0.0000,5.0000,4.8400,4.9700,1.0000,1000
5.0750,5.0750,2020-02-05,0.0000,5.1100,5.0000,5.1100,1.0000,6884
5.1500,5.1500,2020-02-04,0.0000,5.1500,5.0900,5.0900,1.0000,800
5.0750,5.0750,2020-01-31,0.0000,5.0750,5.0750,5.0750,1.0000,8
5.0750,5.0750,2020-01-30,0.0000,5.0750,5.0750,5.0750,1.0000,1022
5.1600,5.1600,2020-01-29,0.0000,5.1600,5.1000,5.1600,1.0000,1205
5.0600,5.0600,2020-01-28,0.0000,5.0600,5.0000,5.0000,1.0000,228
4.8400,4.8400,2020-01-27,0.0000,4.9250,4.8300,4.9250,1.0000,25621
4.9000,4.9000,2020-01-24,0.0000,5.1800,4.9000,5.1800,1.0000,1458
5.1700,5.1700,2020-01-23,0.0000,5.1800,5.0400,5.1000,1.0000,1446
5.1100,5.1100,2020-01-22,0.0000,5.1100,5.0500,5.0500,1.0000,1606
5.1100,5.1100,2020-01-21,0.0000,5.1600,5.0400,5.0400,1.0000,5599
5.2300,5.2300,2020-01-17,0.0000,5.3700,5.1700,5.1800,1.0000,6208
5.1350,5.1350,2020-01-16,0.0000,5.2100,5.1350,5.2100,1.0000,3200
5.1750,5.1750,2020-01-15,0.0000,5.2400,5.1750,5.1800,1.0000,5890
5.2050,5.2050,2020-01-14,0.0000,5.2800,5.2050,5.2800,1.0000,6704
5.3400,5.3400,2020-01-13,0.0000,5.3400,5.3400,5.3400,1.0000,1000
5.4000,5.4000,2020-01-10,0.0000,5.5000,5.4000,5.5000,1.0000,317
5.5800,5.5800,2020-01-09,0.0000,5.5800,5.5800,5.5800,1.0000,600
5.4000,5.4000,2020-01-08,0.0000,5.5000,5.3800,5.4400,1.0000,3500
5.5600,5.5600,2020-01-07,0.0000,5.5600,5.5600,5.5600,1.0000,1333
5.5600,5.5600,2020-01-06,0.0000,5.5600,5.5600,5.5600,1.0000,100
5.7350,5.7350,2020-01-03,0.0000,5.7350,5.7350,5.7350,1.0000,700
5.5550,5.5550,2020-01-02,0.0000,5.5550,5.5550,5.5550,1.0000,426
5.4000,5.4000,2019-12-31,0.0000,5.4550,5.4000,5.4550,1.0000,2499
5.4000,5.4000,2019-12-30,0.0000,5.4400,5.4000,5.4350,1.0000,9990
5.4400,5.4400,2019-12-27,0.0000,5.4400,5.4400,5.4400,1.0000,300
5.4650,5.4650,2019-12-26,0.0000,5.4650,5.4650,5.4650,1.0000,691
5.3500,5.3500,2019-12-23,0.0000,5.3500,5.3500,5.3500,1.0000,94
5.3500,5.3500,2019-12-20,0.0000,5.3500,5.3500,5.3500,1.0000,358
5.4250,5.4250,2019-12-19,0.0000,5.4250,5.3400,5.4093,1.0000,18045
5.3500,5.3500,2019-12-18,0.0000,5.3500,5.3500,5.3500,1.0000,5718
5.7500,5.7500,2019-12-16,0.0000,5.7500,5.6150,5.6850,1.0000,3000
5.7500,5.7500,2019-12-13,0.0000,5.8900,5.7500,5.8900,1.0000,404
5.4500,5.4500,2019-12-12,0.0000,5.5750,5.4500,5.4700,1.0000,22269
5.4200,5.4200,2019-12-11,0.0000,5.4200,5.3400,5.3400,1.0000,3285
5.3600,5.3600,2019-12-09,0.0000,5.3800,5.3600,5.3675,1.0000,546
5.3330,5.3330,2019-12-06,0.0000,5.3330,5.3100,5.3100,1.0000,388
5.3100,5.3100,2019-12-05,0.0000,5.3100,5.3100,5.3100,1.0000,1533
4.9500,4.9500,2019-12-03,0.0000,5.0300,4.9500,4.9700,1.0000,5366
5.1640,5.1640,2019-12-02,0.0000,5.1640,5.0000,5.0000,1.0000,3825
5.0500,5.0500,2019-11-29,0.0000,5.0500,5.0500,5.0500,1.0000,1
5.0500,5.0500,2019-11-27,0.0000,5.2500,5.0500,5.2500,1.0000,5634
4.9000,4.9000,2019-11-26,0.0000,4.9200,4.9000,4.9200,1.0000,217
4.7500,4.7500,2019-11-25,0.0000,4.8750,4.7500,4.7900,1.0000,1859
4.7000,4.7000,2019-11-22,0.0000,4.7000,4.7000,4.7000,1.0000,40
4.7000,4.7000,2019-11-21,0.0000,4.7000,4.6400,4.6400,1.0000,691
4.8250,4.8250,2019-11-20,0.0000,4.8250,4.8250,4.8250,1.0000,7310
4.8250,4.8250,2019-11-19,0.0000,4.8250,4.8250,4.8250,1.0000,1816
4.7100,4.7100,2019-11-18,0.0000,4.8200,4.7100,4.7650,1.0000,1900
4.8550,4.8550,2019-11-15,0.0000,4.8550,4.8550,4.8550,1.0000,1042
4.7100,4.7100,2019-11-13,0.0000,4.7400,4.7100,4.7400,1.0000,848
4.8600,4.8600,2019-11-12,0.0000,4.8600,4.8600,4.8600,1.0000,333
4.8900,4.8900,2019-11-11,0.0000,5.0000,4.8900,4.9000,1.0000,810
5.0000,5.0000,2019-11-08,0.0000,5.0000,5.0000,5.0000,1.0000,73
5.0000,5.0000,2019-11-07,0.0000,5.0750,4.9640,4.9640,1.0000,413
5.0500,5.0500,2019-11-06,0.0000,5.0500,5.0500,5.0500,1.0000,2863
5.0500,5.0500,2019-11-05,0.0000,5.0500,5.0200,5.0200,1.0000,3225
4.9500,4.9500,2019-11-04,0.0000,4.9500,4.9400,4.9400,1.0000,2092
4.8500,4.8500,2019-10-31,0.0000,4.8500,4.8500,4.8500,1.0000,8517
4.7450,4.7450,2019-10-30,0.0000,4.7700,4.7450,4.7700,1.0000,1135
4.6600,4.6600,2019-10-28,0.0000,4.6600,4.6600,4.6600,1.0000,100
4.6900,4.6900,2019-10-25,0.0000,4.6900,4.6900,4.6900,1.0000,5
4.6900,4.6900,2019-10-24,0.0000,4.7800,4.6900,4.7800,1.0000,200
4.8000,4.8000,2019-10-23,0.0000,4.8000,4.8000,4.8000,1.0000,150
4.8400,4.8400,2019-10-22,0.0000,4.8400,4.8300,4.8300,1.0000,267
4.8400,4.8400,2019-10-18,0.0000,4.9400,4.8400,4.8850,1.0000,5493
4.9240,4.9240,2019-10-17,0.0000,5.1020,4.7800,5.1020,1.0000,24756
5.0400,5.0400,2019-10-16,0.0000,5.0400,4.9800,4.9800,1.0000,2075
4.8850,4.8850,2019-10-15,0.0000,4.9400,4.6000,4.6000,1.0000,19700
4.5520,4.5520,2019-10-14,0.0000,4.5520,4.5520,4.5520,1.0000,170
4.6000,4.6000,2019-10-11,0.0000,4.7000,4.6000,4.6000,1.0000,5566
4.1000,4.1000,2019-10-10,0.0000,4.2050,4.1000,4.2050,1.0000,1186
4.0700,4.0700,2019-10-09,0.0000,4.0700,3.9300,3.9300,1.0000,951
4.1700,4.1700,2019-10-08,0.0000,4.1700,4.1700,4.1700,1.0000,61
4.1700,4.1700,2019-10-07,0.0000,4.1700,4.1700,4.1700,1.0000,185
3.9000,3.9000,2019-10-04,0.0000,3.9000,3.9000,3.9000,1.0000,3066
3.9274,3.9274,2019-10-02,0.0000,4.0640,3.9274,4.0640,1.0000,47115
3.9500,3.9500,2019-10-01,0.0000,3.9500,3.9500,3.9500,1.0000,500
3.8500,3.8500,2019-09-30,0.0000,3.8500,3.8500,3.8500,1.0000,13
3.8500,3.8500,2019-09-27,0.0000,3.8500,3.8500,3.8500,1.0000,121
3.8000,3.8000,2019-09-26,0.0000,3.8000,3.8000,3.8000,1.0000,100
3.8050,3.8050,2019-09-25,0.0000,3.8050,3.8050,3.8050,1.0000,166
3.8500,3.8500,2019-09-23,0.0000,3.8800,3.8240,3.8400,1.0000,27036
4.0100,4.0100,2019-09-20,0.0000,4.0100,4.0100,4.0100,1.0000,4
4.0100,4.0100,2019-09-19,0.0000,4.0200,4.0100,4.0200,1.0000,3733
3.9300,3.9300,2019-09-18,0.0000,3.9300,3.9300,3.9300,1.0000,817
3.9650,3.9650,2019-09-17,0.0000,4.0900,3.9650,4.0900,1.0000,1175
4.2625,4.2625,2019-09-16,0.0000,4.3250,4.2625,4.3250,1.0000,4534
4.4200,4.4200,2019-09-13,0.0000,4.4200,4.4200,4.4200,1.0000,266
4.2700,4.2700,2019-09-12,0.0000,4.2700,4.2700,4.2700,1.0000,2500
4.5600,4.5600,2019-09-11,0.0000,4.5600,4.5400,4.5400,1.0000,10200
4.4400,4.4400,2019-09-10,0.0000,4.4400,4.4100,4.4100,1.0000,1225
4.3100,4.3100,2019-09-09,0.0000,4.3100,4.3100,4.3100,1.0000,11
4.3100,4.3100,2019-09-06,0.0000,4.3100,4.2475,4.2475,1.0000,2667
4.3500,4.3500,2019-09-05,0.0000,4.3500,4.1900,4.1900,1.0000,3282
3.9125,3.9125,2019-09-04,0.0000,3.9125,3.9125,3.9125,1.0000,80
3.9125,3.9125,2019-08-30,0.0000,3.9125,3.8700,3.8700,1.0000,267
3.8700,3.8700,2019-08-29,0.0000,3.9150,3.8700,3.9150,1.0000,6420
3.8000,3.8000,2019-08-28,0.0000,3.8000,3.8000,3.8000,1.0000,133
3.8350,3.8350,2019-08-27,0.0000,3.8350,3.8350,3.8350,1.0000,590
3.8950,3.8950,2019-08-26,0.0000,3.8950,3.8250,3.8600,1.0000,7433
3.9000,3.9000,2019-08-23,0.0000,4.0303,3.8300,3.9000,1.0000,17647
3.9500,3.9500,2019-08-22,0.0000,3.9600,3.7850,3.7850,1.0000,6003
3.7000,3.7000,2019-08-21,0.0000,3.7200,3.6550,3.6550,1.0000,11709
3.6200,3.6200,2019-08-20,0.0000,3.7200,3.5200,3.6200,1.0000,7831
3.7100,3.7100,2019-08-19,0.0000,3.7100,3.6450,3.6700,1.0000,20110
3.6650,3.6650,2019-08-16,0.0000,3.6800,3.6250,3.6250,1.0000,6770
3.5500,3.5500,2019-08-15,0.0000,3.5500,3.5000,3.5000,1.0000,4016
3.5800,3.5800,2019-08-14,0.0000,3.6100,3.4700,3.6100,1.0000,9200
3.6900,3.6900,2019-08-13,0.0000,3.7200,3.5800,3.6125,1.0000,5692
3.6700,3.6700,2019-08-12,0.0000,3.6700,3.5550,3.6510,1.0000,7053
3.8500,3.8500,2019-08-09,0.0000,3.8500,3.7810,3.7900,1.0000,15752
3.8800,3.8800,2019-08-08,0.0000,3.9900,3.8800,3.9100,1.0000,7984
3.9100,3.9100,2019-08-07,0.0000,3.9600,3.9100,3.9600,1.0000,935
4.1000,4.1000,2019-08-06,0.0000,4.1400,4.0000,4.1400,1.0000,18423
4.2500,4.2500,2019-08-05,0.0000,4.2650,4.2500,4.2650,1.0000,58335
4.2200,4.2200,2019-08-02,0.0000,4.2700,4.2200,4.2700,1.0000,18130
4.4000,4.4000,2019-08-01,0.0000,4.4000,4.2100,4.2650,1.0000,11529
4.4850,4.4850,2019-07-31,0.0000,4.5000,4.4850,4.5000,1.0000,3103
4.6700,4.6700,2019-07-30,0.0000,4.6700,4.5350,4.5850,1.0000,4086
4.7500,4.7500,2019-07-29,0.0000,4.7500,4.6000,4.7200,1.0000,6123
4.8650,4.8650,2019-07-26,0.0000,4.9232,4.7800,4.8700,1.0000,18028
5.0500,5.0500,2019-07-25,0.0000,5.0500,4.9700,5.0000,1.0000,11120
4.8700,4.8700,2019-07-24,0.0000,4.8700,4.8600,4.8600,1.0000,2100
4.8900,4.8900,2019-07-23,0.0000,4.8900,4.8450,4.8900,1.0000,400
4.9100,4.9100,2019-07-22,0.0000,5.0000,4.9100,5.0000,1.0000,1000
5.0600,5.0600,2019-07-19,0.0000,5.0600,4.9500,5.0000,1.0000,4685
5.0420,5.0420,2019-07-18,0.0000,5.0500,5.0000,5.0500,1.0000,1099
5.0650,5.0650,2019-07-17,0.0000,5.0650,5.0650,5.0650,1.0000,338
5.1400,5.1400,2019-07-16,0.0000,5.1400,5.1400,5.1400,1.0000,5333
5.1100,5.1100,2019-07-15,0.0000,5.1100,5.1100,5.1100,1.0000,1766
5.2319,5.2319,2019-07-12,0.0000,5.2319,5.2319,5.2319,1.0000,261977
5.1700,5.1700,2019-07-11,0.0000,5.3596,5.1700,5.3596,1.0000,61386
5.2000,5.2000,2019-07-10,0.0000,5.2000,5.2000,5.2000,1.0000,4540
5.2700,5.2700,2019-07-09,0.0000,5.2700,5.1000,5.1740,1.0000,1858
5.3200,5.3200,2019-07-08,0.0000,5.3200,5.1500,5.1500,1.0000,3830
5.1000,5.1000,2019-07-05,0.0000,5.1000,5.1000,5.1000,1.0000,60
5.1000,5.1000,2019-07-02,0.0000,5.1000,5.1000,5.1000,1.0000,167
5.0900,5.0900,2019-07-01,0.0000,5.0900,5.0900,5.0900,1.0000,100
5.1200,5.1200,2019-06-28,0.0000,5.1200,5.1200,5.1200,1.0000,2579
5.1685,5.1685,2019-06-26,0.0000,5.1800,5.0600,5.0600,1.0000,1174
5.2300,5.2300,2019-06-25,0.0000,5.2300,5.2300,5.2300,1.0000,320
5.0800,5.0800,2019-06-24,0.0000,5.0800,5.0800,5.0800,1.0000,176
5.1500,5.1500,2019-06-21,0.0000,5.1675,5.1500,5.1500,1.0000,11710
5.3500,5.3500,2019-06-20,0.0000,5.3500,5.3486,5.3486,1.0000,1230
5.1500,5.1500,2019-06-19,0.0000,5.1500,5.1500,5.1500,1.0000,56
5.1500,5.1500,2019-06-18,0.0000,5.1500,5.1500,5.1500,1.0000,2000
5.2000,5.2000,2019-06-17,0.0000,5.3800,5.2000,5.2600,1.0000,5221
4.9900,4.9900,2019-06-14,0.0000,4.9900,4.9900,4.9900,1.0000,113
5.3650,5.3650,2019-06-12,0.0000,5.3650,5.3650,5.3650,1.0000,1131
5.3700,5.3700,2019-06-11,0.0000,5.3700,5.3700,5.3700,1.0000,3333
5.4140,5.4140,2019-06-10,0.0000,5.4140,5.4140,5.4140,1.0000,300
5.2850,5.2850,2019-06-06,0.0000,5.3800,5.1500,5.3800,1.0000,3800
5.3800,5.3800,2019-06-05,0.0000,5.3800,5.2600,5.2600,1.0000,733
5.4295,5.4295,2019-06-04,0.0000,5.4295,5.4295,5.4295,1.0000,33
5.4295,5.4295,2019-06-03,0.0000,5.4295,5.4295,5.4295,1.0000,27
5.4295,5.4295,2019-05-31,0.0000,5.4295,5.4295,5.4295,1.0000,48461
5.3500,5.3500,2019-05-30,0.0000,5.3500,5.3500,5.3500,1.0000,60
5.3500,5.3500,2019-05-29,0.0000,5.3500,5.3500,5.3500,1.0000,1050
5.2700,5.2700,2019-05-28,0.0000,5.2700,5.2700,5.2700,1.0000,150
5.3300,5.3300,2019-05-24,0.0000,5.3300,5.3300,5.3300,1.0000,10215
5.3300,5.3300,2019-05-23,0.0000,5.5254,5.3300,5.4900,1.0000,6827
5.7240,5.7240,2019-05-22,0.0000,5.7792,5.6900,5.7792,1.0000,1610
5.6800,5.6800,2019-05-21,0.0000,5.6800,5.6800,5.6800,1.0000,496
5.9782,5.9782,2019-05-20,0.0000,5.9782,5.9782,5.9782,1.0000,3572
6.0200,6.0200,2019-05-17,0.0000,6.0200,5.9450,6.0113,1.0000,3100
5.9000,5.9000,2019-05-14,0.0000,5.9000,5.9000,5.9000,1.0000,6
5.9000,5.9000,2019-05-13,0.0000,5.9200,5.9000,5.9200,1.0000,440
6.1100,6.1100,2019-05-08,0.1790,6.2500,6.1100,6.1100,1.0000,6240
5.9264,6.1000,2019-05-06,0.0000,6.1700,6.1000,6.1700,1.0000,1843
6.1790,6.3600,2019-05-03,0.0000,6.4000,6.1300,6.3800,1.0000,9720
6.2178,6.4000,2019-05-02,0.0000,6.4000,6.4000,6.4000,1.0000,58
6.2178,6.4000,2019-05-01,0.0000,6.4600,6.3900,6.3900,1.0000,1023
6.2907,6.4750,2019-04-30,0.0000,6.4750,6.4750,6.4750,1.0000,1482
6.0721,6.2500,2019-04-29,0.0000,6.2500,6.2500,6.2500,1.0000,116
6.0721,6.2500,2019-04-26,0.0000,6.3250,6.2500,6.2500,1.0000,28745
5.9264,6.1000,2019-04-25,0.0000,6.1000,6.1000,6.1000,1.0000,1185
6.1984,6.3800,2019-04-24,0.0000,6.4950,6.3800,6.4950,1.0000,1351
6.4121,6.6000,2019-04-23,0.0000,6.6000,6.6000,6.6000,1.0000,693
6.5676,6.7600,2019-04-18,0.0000,6.8000,6.7600,6.8000,1.0000,6204
6.7425,6.9400,2019-04-16,0.0000,6.9400,6.9400,6.9400,1.0000,25
6.7425,6.9400,2019-04-15,0.0000,6.9400,6.6140,6.6140,1.0000,1447
6.4121,6.6000,2019-04-12,0.0000,6.6000,6.5300,6.5300,1.0000,1174
6.1790,6.3600,2019-04-11,0.0000,6.3600,6.3600,6.3600,1.0000,100
6.1887,6.3700,2019-04-10,0.0000,6.3700,6.1600,6.1600,1.0000,8066
5.9507,6.1250,2019-04-09,0.0000,6.1250,6.1250,6.1250,1.0000,20
5.9507,6.1250,2019-04-08,0.0000,6.1250,6.1250,6.1250,1.0000,2681
6.2280,6.4105,2019-04-05,0.0000,6.4600,6.3900,6.3900,1.0000,8068
6.0468,6.2240,2019-04-04,0.0000,6.2800,6.2240,6.2800,1.0000,733
6.2664,6.4500,2019-04-03,0.0000,6.4500,6.2951,6.2951,1.0000,16986
6.1693,6.3500,2019-04-02,0.0000,6.3500,6.3500,6.3500,1.0000,20
6.1693,6.3500,2019-04-01,0.0000,6.3500,6.3500,6.3500,1.0000,510
5.9847,6.1600,2019-03-29,0.0000,6.1600,6.0600,6.0600,1.0000,905
5.7450,5.9133,2019-03-28,0.0000,5.9133,5.9133,5.9133,1.0000,4005
5.7450,5.9133,2019-03-27,0.0000,5.9133,5.9133,5.9133,1.0000,38802
5.7904,5.9600,2019-03-25,0.0000,6.0250,5.9200,5.9900,1.0000,6401
5.7806,5.9500,2019-03-22,0.0000,5.9500,5.9500,5.9500,1.0000,611
6.4121,6.6000,2019-03-20,0.0000,6.6000,6.6000,6.6000,1.0000,65
6.4121,6.6000,2019-03-19,0.0000,6.6350,6.6000,6.6350,1.0000,332
6.4379,6.6265,2019-03-15,0.0000,6.6265,6.5500,6.6100,1.0000,10949
6.3443,6.5302,2019-03-13,0.0000,6.6000,6.4750,6.6000,1.0000,116629
6.2081,6.3900,2019-03-11,0.0000,6.3900,6.1400,6.1400,1.0000,410
6.1012,6.2800,2019-03-08,0.0000,6.2800,6.0500,6.0500,1.0000,643
6.1498,6.3300,2019-03-07,0.0000,6.3300,6.3300,6.3300,1.0000,54
6.1498,6.3300,2019-03-06,0.0000,6.3300,6.3300,6.3300,1.0000,500
6.4413,6.6300,2019-03-05,0.0000,6.6300,6.6100,6.6100,1.0000,200
6.3651,6.5516,2019-03-01,0.0000,6.5516,6.5000,6.5000,1.0000,1833
6.2373,6.4200,2019-02-28,0.0000,6.5000,6.2800,6.2800,1.0000,4750
5.8972,6.0700,2019-02-27,0.0000,6.0700,6.0700,6.0700,1.0000,100
5.7223,5.8900,2019-02-26,0.0000,5.8900,5.8500,5.8500,1.0000,2866
5.6349,5.8000,2019-02-25,0.0000,5.8000,5.8000,5.8000,1.0000,100
5.8237,5.9943,2019-02-22,0.0000,6.0600,5.9943,6.0600,1.0000,5596
5.9264,6.1000,2019-02-19,0.0000,6.1000,6.1000,6.1000,1.0000,2002
5.8875,6.0600,2019-02-14,0.0000,6.0900,6.0600,6.0800,1.0000,4323
5.8741,6.0462,2019-02-13,0.0000,6.0462,5.9600,5.9600,1.0000,16090
5.5183,5.6800,2019-02-12,0.0000,5.6800,5.6800,5.6800,1.0000,45
5.5183,5.6800,2019-02-11,0.0000,5.8000,5.6800,5.8000,1.0000,1565
5.5280,5.6900,2019-02-08,0.0000,5.6900,5.6900,5.6900,1.0000,1133
5.8098,5.9800,2019-02-07,0.0000,5.9893,5.9800,5.9893,1.0000,900
5.9069,6.0800,2019-02-06,0.0000,6.2050,6.0800,6.1400,1.0000,25979
5.9264,6.1000,2019-02-05,0.0000,6.2000,6.0700,6.0700,1.0000,19631
5.8292,6.0000,2019-02-01,0.0000,6.0200,6.0000,6.0000,1.0000,3983
5.8098,5.9800,2019-01-31,0.0000,5.9800,5.9800,5.9800,1.0000,2033
6.1595,6.3400,2019-01-30,0.0000,6.3400,6.2400,6.2500,1.0000,7033
6.1076,6.2865,2019-01-29,0.0000,6.4811,6.2865,6.3850,1.0000,45291
6.3927,6.5800,2019-01-28,0.0000,6.5800,6.5300,6.5647,1.0000,9383
6.0721,6.2500,2019-01-24,0.0000,6.2500,6.2500,6.2500,1.0000,150
6.3191,6.5042,2019-01-23,0.0000,6.5042,6.5042,6.5042,1.0000,550
6.1984,6.3800,2019-01-22,0.0000,6.3800,6.3800,6.3800,1.0000,5
6.1984,6.3800,2019-01-18,0.0000,6.3800,6.3110,6.3250,1.0000,7274
5.8402,6.0113,2019-01-17,0.0000,6.0113,6.0113,6.0113,1.0000,366
5.9069,6.0800,2019-01-16,0.0000,6.0800,6.0300,6.0300,1.0000,6886
5.9069,6.0800,2019-01-14,0.0000,6.0800,5.8900,5.8900,1.0000,2732
5.8486,6.0200,2019-01-11,0.0000,6.0200,5.9900,5.9900,1.0000,1170
5.5766,5.7400,2019-01-10,0.0000,5.7400,5.7400,5.7400,1.0000,102
5.4017,5.5600,2019-01-09,0.0000,5.5600,5.5600,5.5600,1.0000,60
5.4017,5.5600,2019-01-08,0.0000,5.7000,5.5600,5.7000,1.0000,1033
5.6349,5.8000,2019-01-07,0.0000,5.8000,5.8000,5.8000,1.0000,6773
5.6229,5.7876,2019-01-04,0.0000,5.7876,5.7500,5.7500,1.0000,1868
5.4962,5.6572,2019-01-03,0.0000,5.6700,5.6200,5.6200,1.0000,21672
5.5475,5.7100,2018-12-31,0.0000,5.7100,5.7100,5.7100,1.0000,1403
5.5475,5.7100,2018-12-28,0.0000,5.7100,5.5700,5.5700,1.0000,14652
5.2657,5.4200,2018-12-27,0.0000,5.4500,5.4000,5.4500,1.0000,16228
5.5669,5.7300,2018-12-26,0.0000,5.7500,5.4000,5.6200,1.0000,13833
5.5086,5.6700,2018-12-24,0.0000,5.6700,5.5200,5.5275,1.0000,1626
5.2628,5.4170,2018-12-21,0.0000,5.6000,5.4000,5.6000,1.0000,5518
5.4697,5.6300,2018-12-20,0.0000,5.7600,5.6300,5.7600,1.0000,25449
5.6811,5.8475,2018-12-19,0.0000,5.9622,5.6100,5.8250,1.0000,12347
5.5157,5.6773,2018-12-18,0.0000,5.6773,5.6200,5.6200,1.0000,76889
5.5572,5.7200,2018-12-17,0.0000,5.7200,5.7200,5.7200,1.0000,18
5.5572,5.7200,2018-12-14,0.0000,5.7400,5.7120,5.7120,1.0000,1136
5.5086,5.6700,2018-12-13,0.0000,5.8000,5.6700,5.8000,1.0000,2438
5.6227,5.7874,2018-12-12,0.0000,5.7874,5.7000,5.7000,1.0000,8987
5.3434,5.5000,2018-12-11,0.0000,5.6500,5.5000,5.6500,1.0000,1772
5.7321,5.9000,2018-12-10,0.0000,5.9000,5.9000,5.9000,1.0000,9690
5.7709,5.9400,2018-12-07,0.0000,5.9500,5.9400,5.9500,1.0000,1181
5.7321,5.9000,2018-12-06,0.0000,6.0300,5.9000,5.9580,1.0000,15854
5.7612,5.9300,2018-12-04,0.0000,6.2000,5.9300,6.2000,1.0000,7401
6.0624,6.2400,2018-12-03,0.0000,6.2400,6.2256,6.2256,1.0000,1175
6.1984,6.3800,2018-11-30,0.0000,6.3800,6.3800,6.3800,1.0000,1201
6.3733,6.5600,2018-11-29,0.0000,6.5875,6.4700,6.4700,1.0000,2036
6.1498,6.3300,2018-11-28,0.0000,6.4700,6.3000,6.4275,1.0000,6021
6.2275,6.4100,2018-11-27,0.0000,6.5200,6.4100,6.5200,1.0000,4033
6.3441,6.5300,2018-11-26,0.0000,6.5300,6.5000,6.5300,1.0000,6600
6.4704,6.6600,2018-11-23,0.0000,6.6600,6.5800,6.5800,1.0000,834
6.3150,6.5000,2018-11-21,0.0000,6.6400,6.5000,6.6050,1.0000,399
6.3538,6.5400,2018-11-20,0.0000,6.6600,6.5400,6.6375,1.0000,3188
6.4316,6.6200,2018-11-19,0.0000,6.8500,6.6200,6.8200,1.0000,1898
6.6745,6.8700,2018-11-16,0.0000,6.8700,6.8700,6.8700,1.0000,266
6.6435,6.8381,2018-11-15,0.0000,6.8381,6.8381,6.8381,1.0000,1419
6.9951,7.2000,2018-11-14,0.0000,7.2500,7.2000,7.2500,1.0000,7121
6.8493,7.0500,2018-11-13,0.0000,7.0500,7.0500,7.0500,1.0000,300
6.9173,7.1200,2018-11-12,0.0000,7.1200,7.1200,7.1200,1.0000,100
6.9895,7.1943,2018-11-09,0.0000,7.1943,7.1943,7.1943,1.0000,66
6.9895,7.1943,2018-11-08,0.0000,7.1943,7.1600,7.1600,1.0000,12455
6.8299,7.0300,2018-11-06,0.0000,7.1100,7.0300,7.1100,1.0000,367
6.8979,7.1000,2018-11-05,0.0000,7.1000,7.1000,7.1000,1.0000,15
6.8979,7.1000,2018-11-02,0.0000,7.1300,6.7900,7.0170,1.0000,5469
6.8979,7.1000,2018-11-01,0.0000,7.1000,6.9600,6.9600,1.0000,4387
6.7813,6.9800,2018-10-31,0.0000,7.0900,6.9800,7.0900,1.0000,631
6.7619,6.9600,2018-10-30,0.0000,7.1400,6.9600,7.1000,1.0000,3416
6.8396,7.0400,2018-10-29,0.0000,7.0400,7.0400,7.0400,1.0000,1000
6.7910,6.9900,2018-10-26,0.0000,6.9900,6.9900,6.9900,1.0000,100
6.8396,7.0400,2018-10-25,0.0000,7.0400,6.9900,6.9975,1.0000,2904
6.8012,7.0005,2018-10-24,0.0000,7.0005,7.0005,7.0005,1.0000,97
6.8012,7.0005,2018-10-23,0.0000,7.0800,6.9910,7.0700,1.0000,4858
6.8688,7.0700,2018-10-22,0.0000,7.0700,7.0700,7.0700,1.0000,683
6.9319,7.1350,2018-10-19,0.0000,7.1700,7.1350,7.1700,1.0000,2789
7.0242,7.2300,2018-10-18,0.0000,7.2300,7.1700,7.1700,1.0000,423
7.1991,7.4100,2018-10-17,0.0000,7.4100,7.4100,7.4100,1.0000,35
7.1991,7.4100,2018-10-16,0.0000,7.4850,7.4100,7.4400,1.0000,1552
7.0922,7.3000,2018-10-12,0.0000,7.5750,7.3000,7.5750,1.0000,843
6.9659,7.1700,2018-10-11,0.0000,7.3400,7.1700,7.3400,1.0000,450
7.4610,7.6796,2018-10-10,0.0000,7.6796,7.6796,7.6796,1.0000,11183
7.2962,7.5100,2018-10-09,0.0000,7.6900,7.5100,7.6600,1.0000,975
7.3837,7.6000,2018-10-08,0.0000,7.6280,7.6000,7.6280,1.0000,275
7.5199,7.7402,2018-10-05,0.0000,7.7402,7.7402,7.7402,1.0000,299
7.6266,7.8500,2018-10-04,0.0000,7.8900,7.8500,7.8900,1.0000,1879
7.5100,7.7300,2018-10-03,0.0000,7.7300,7.7300,7.7300,1.0000,242
7.3788,7.5950,2018-10-02,0.0000,7.6800,7.5900,7.6800,1.0000,816
7.3254,7.5400,2018-10-01,0.0000,7.7800,7.5400,7.7800,1.0000,1780
7.7431,7.9700,2018-09-28,0.0000,7.9700,7.9700,7.9700,1.0000,24
7.7431,7.9700,2018-09-27,0.0000,8.0650,7.9700,8.0500,1.0000,5772
8.2386,8.4800,2018-09-26,0.0000,8.4800,8.4800,8.4800,1.0000,3384
8.2386,8.4800,2018-09-24,0.0000,8.4800,8.4800,8.4800,1.0000,773
8.5495,8.8000,2018-09-20,0.0000,8.8900,8.8000,8.8000,1.0000,10615
8.3649,8.6100,2018-09-19,0.0000,8.6300,8.6100,8.6300,1.0000,220
8.3844,8.6300,2018-09-18,0.0000,8.7000,8.6300,8.7000,1.0000,7649
8.3358,8.5800,2018-09-17,0.0000,8.5800,8.5800,8.5800,1.0000,247
8.4524,8.7000,2018-09-13,0.0000,8.7000,8.5500,8.5500,1.0000,2300
8.2289,8.4700,2018-09-12,0.0000,8.5020,8.4600,8.5020,1.0000,2611
8.1900,8.4300,2018-09-11,0.0000,8.4300,8.4300,8.4300,1.0000,32
8.1900,8.4300,2018-09-10,0.0000,8.4300,8.4300,8.4300,1.0000,1300
8.1609,8.4000,2018-09-06,0.0000,8.4000,8.4000,8.4000,1.0000,500
8.0055,8.2400,2018-09-05,0.0000,8.2400,8.2400,8.2400,1.0000,613
7.9666,8.2000,2018-09-04,0.0000,8.2000,8.1650,8.1650,1.0000,551
7.9132,8.1450,2018-08-31,0.0000,8.1880,8.1450,8.1880,1.0000,5056
7.9002,8.1317,2018-08-30,0.0000,8.1317,8.1312,8.1312,1.0000,1008
8.0249,8.2600,2018-08-29,0.0000,8.2600,8.2600,8.2600,1.0000,15
8.0249,8.2600,2018-08-28,0.0000,8.2600,8.2400,8.2500,1.0000,8702
7.9472,8.1800,2018-08-24,0.0000,8.1800,8.1800,8.1800,1.0000,1333
7.8743,8.1050,2018-08-23,0.0000,8.1050,8.1050,8.1050,1.0000,105
7.8743,8.1050,2018-08-22,0.0000,8.2000,8.1000,8.2000,1.0000,14930
8.1636,8.4028,2018-08-21,0.0000,8.4200,8.4028,8.4200,1.0000,833
8.0637,8.3000,2018-08-20,0.0000,8.3000,8.3000,8.3000,1.0000,1000
7.7820,8.0100,2018-08-16,0.0000,8.0900,8.0100,8.0900,1.0000,21151
8.2095,8.4500,2018-08-15,0.0000,8.4500,8.4500,8.4500,1.0000,75
8.2095,8.4500,2018-08-14,0.0000,8.4500,8.4500,8.4500,1.0000,227
8.2969,8.5400,2018-08-13,0.0000,8.5400,8.5400,8.5400,1.0000,29
8.2969,8.5400,2018-08-10,0.0000,8.5400,8.5400,8.5400,1.0000,46
8.2969,8.5400,2018-08-09,0.0000,8.6300,8.5400,8.5400,1.0000,3761
8.3941,8.6400,2018-08-07,0.0000,8.6400,8.6400,8.6400,1.0000,845
8.3455,8.5900,2018-08-06,0.0000,8.5900,8.5900,8.5900,1.0000,1056
8.2969,8.5400,2018-08-03,0.0000,8.5400,8.5400,8.5400,1.0000,416
8.2289,8.4700,2018-08-02,0.0000,8.6900,8.4700,8.6900,1.0000,3470
8.3552,8.6000,2018-08-01,0.0000,8.6000,8.5900,8.5900,1.0000,718
8.2483,8.4900,2018-07-31,0.0000,8.4900,8.4900,8.4900,1.0000,182
8.1026,8.3400,2018-07-30,0.0000,8.5400,8.3400,8.5020,1.0000,7300
8.1706,8.4100,2018-07-27,0.0000,8.4500,8.4100,8.4500,1.0000,7605
8.0637,8.3000,2018-07-26,0.0000,8.3000,8.2700,8.2700,1.0000,6917
7.9957,8.2300,2018-07-25,0.0000,8.2300,8.1000,8.1000,1.0000,1440
7.7820,8.0100,2018-07-24,0.0000,8.0100,7.9400,7.9400,1.0000,2366
7.5537,7.7750,2018-07-23,0.0000,7.7800,7.6100,7.7800,1.0000,3433
7.5585,7.7800,2018-07-20,0.0000,7.7800,7.7650,7.7650,1.0000,1081
7.3060,7.5200,2018-07-19,0.0000,7.7800,7.5200,7.7500,1.0000,5799
7.5294,7.7500,2018-07-18,0.0000,7.7500,7.7500,7.7500,1.0000,666
7.5294,7.7500,2018-07-16,0.0000,7.7500,7.7500,7.7500,1.0000,333
7.5877,7.8100,2018-07-13,0.0000,7.8360,7.8000,7.8000,1.0000,1377
7.5780,7.8000,2018-07-12,0.0000,7.8000,7.7307,7.7307,1.0000,2166
7.5197,7.7400,2018-07-11,0.0000,7.7450,7.6900,7.6900,1.0000,7006
7.4808,7.7000,2018-07-10,0.0000,7.7000,7.7000,7.7000,1.0000,506
7.6266,7.8500,2018-07-09,0.0000,7.9400,7.8500,7.9400,1.0000,5225
7.7412,7.9680,2018-07-06,0.0000,7.9680,7.9680,7.9680,1.0000,3000
7.6071,7.8300,2018-07-05,0.0000,7.8300,7.8300,7.8300,1.0000,267
7.3885,7.6050,2018-07-02,0.0000,7.6050,7.6000,7.6000,1.0000,5853
7.6460,7.8700,2018-06-29,0.0000,7.8700,7.7700,7.8040,1.0000,4945
7.5199,7.7402,2018-06-28,0.0000,7.7402,7.7402,7.7402,1.0000,3333
7.6751,7.9000,2018-06-27,0.0000,7.9100,7.8550,7.9100,1.0000,593
7.7189,7.9450,2018-06-26,0.0000,7.9450,7.9450,7.9450,1.0000,75
7.7189,7.9450,2018-06-25,0.0000,7.9450,7.9450,7.9450,1.0000,5000
7.8889,8.1200,2018-06-22,0.0000,8.2300,8.1200,8.1900,1.0000,12793
7.9083,8.1400,2018-06-21,0.0000,8.1400,8.0500,8.0500,1.0000,1182
7.9569,8.1900,2018-06-20,0.0000,8.1900,8.1900,8.1900,1.0000,130
7.5488,7.7700,2018-06-19,0.0000,7.7700,7.6800,7.6800,1.0000,532
7.4711,7.6900,2018-06-18,0.0000,7.7000,7.6710,7.6710,1.0000,8300
7.4091,7.6262,2018-06-15,0.0000,8.2300,7.6100,8.2200,1.0000,1526
7.9860,8.2200,2018-06-14,0.0000,8.2300,8.2200,8.2300,1.0000,10118
7.9957,8.2300,2018-06-13,0.0000,8.3700,8.2300,8.3700,1.0000,3251
8.1900,8.4300,2018-06-12,0.0000,8.4310,8.4300,8.4310,1.0000,10266
8.3358,8.5800,2018-06-11,0.0000,8.5800,8.5800,8.5800,1.0000,18666
8.3455,8.5900,2018-06-08,0.0000,8.5900,8.5900,8.5900,1.0000,300
8.2775,8.5200,2018-06-07,0.0000,8.5200,8.5200,8.5200,1.0000,17
8.2775,8.5200,2018-06-06,0.0000,8.6420,8.5200,8.6420,1.0000,2032
8.3163,8.5600,2018-06-05,0.0000,8.5600,8.5600,8.5600,1.0000,500
8.3649,8.6100,2018-06-04,0.0000,8.6100,8.5000,8.5000,1.0000,6366
8.1727,8.4121,2018-06-01,0.0000,8.4121,8.4121,8.4121,1.0000,500
8.2386,8.4800,2018-05-31,0.0000,8.4800,8.4800,8.4800,1.0000,60
8.2386,8.4800,2018-05-30,0.0000,8.5052,8.4800,8.4800,1.0000,6650
8.2581,8.5000,2018-05-29,0.0000,8.5000,8.5000,8.5000,1.0000,1000
8.2969,8.5400,2018-05-25,0.0000,8.5400,8.5400,8.5400,1.0000,5
8.2969,8.5400,2018-05-24,0.0000,8.5400,8.5400,8.5400,1.0000,33
8.2969,8.5400,2018-05-22,0.0000,8.8000,8.5400,8.6000,1.0000,17278
8.3115,8.5550,2018-05-21,0.0000,8.5550,8.5400,8.5400,1.0000,1833
8.2872,8.5300,2018-05-18,0.0000,8.5300,8.5300,8.5300,1.0000,461
8.4673,8.7154,2018-05-17,0.0000,8.7154,8.7154,8.7154,1.0000,200
7.4517,7.6700,2018-05-16,0.0000,7.6700,7.6700,7.6700,1.0000,10
7.4517,7.6700,2018-05-15,0.0000,7.6700,7.6700,7.6700,1.0000,5349
8.5689,8.8200,2018-05-14,0.0000,8.8775,8.8200,8.8775,1.0000,3582
8.5981,8.8500,2018-05-11,0.0000,8.8500,8.8500,8.8500,1.0000,2380
8.5884,8.8400,2018-05-10,0.0000,8.9500,8.8320,8.9500,1.0000,719
8.4933,8.7421,2018-05-09,0.0000,8.9410,8.7200,8.8150,1.0000,22247
8.5398,8.7900,2018-05-04,0.0000,8.7900,8.7900,8.7900,1.0000,9000
8.5398,8.7900,2018-05-03,0.0000,8.7900,8.7900,8.7900,1.0000,3000
8.5398,8.7900,2018-05-02,0.0000,8.8160,8.7900,8.8160,1.0000,2026
8.6681,8.9221,2018-05-01,0.0000,8.9221,8.9221,8.9221,1.0000,40
8.6681,8.9221,2018-04-27,0.0000,8.9221,8.9221,8.9221,1.0000,113
8.7390,8.9950,2018-04-26,0.0000,8.9950,8.9950,8.9950,1.0000,466
8.7438,9.0000,2018-04-25,0.0000,9.0000,9.0000,9.0000,1.0000,1000
8.8896,9.1500,2018-04-18,0.1418,9.1500,9.1500,9.1500,1.0000,333
8.9644,9.3700,2018-04-17,0.0000,9.3700,9.3700,9.3700,1.0000,288
8.7539,9.1500,2018-04-16,0.0000,9.1500,9.1500,9.1500,1.0000,68
8.7539,9.1500,2018-04-13,0.0000,9.1500,9.1500,9.1500,1.0000,66
8.7539,9.1500,2018-04-12,0.0000,9.2550,9.1500,9.1800,1.0000,2326
8.6391,9.0300,2018-04-11,0.0000,9.0300,9.0100,9.0100,1.0000,1794
8.4669,8.8500,2018-04-10,0.0000,8.8820,8.8200,8.8200,1.0000,37132
8.5626,8.9500,2018-04-09,0.0000,8.9900,8.9500,8.9900,1.0000,2590
8.5721,8.9600,2018-04-06,0.0000,8.9954,8.9000,8.9954,1.0000,16120
8.4478,8.8300,2018-04-05,0.0000,8.8300,8.8300,8.8300,1.0000,906
8.1320,8.5000,2018-04-04,0.0000,8.5000,8.5000,8.5000,1.0000,186
8.3234,8.7000,2018-04-03,0.0000,8.7000,8.7000,8.7000,1.0000,243
8.4095,8.7900,2018-04-02,0.0000,8.7900,8.7900,8.7900,1.0000,14
8.4095,8.7900,2018-03-28,0.0000,8.7900,8.6000,8.6400,1.0000,2621
8.0842,8.4500,2018-03-27,0.0000,8.4500,8.3800,8.4500,1.0000,2583
7.9120,8.2700,2018-03-23,0.0000,8.4400,8.2700,8.4350,1.0000,14394
8.2181,8.5900,2018-03-22,0.0000,8.6000,8.5900,8.6000,1.0000,456
8.4765,8.8600,2018-03-20,0.0000,8.8600,8.8600,8.8600,1.0000,200
8.4765,8.8600,2018-03-12,0.0000,8.9500,8.8600,8.9100,1.0000,1211
8.5052,8.8900,2018-03-09,0.0000,8.9500,8.8000,8.8320,1.0000,3327
8.7348,9.1300,2018-03-08,0.0000,9.1300,9.1300,9.1300,1.0000,310
8.7635,9.1600,2018-03-07,0.0000,9.2400,9.1150,9.2400,1.0000,2133
8.8304,9.2300,2018-03-06,0.0000,9.2300,9.1700,9.2140,1.0000,23916
8.6869,9.0800,2018-03-05,0.0000,9.1800,9.0800,9.1800,1.0000,1713
8.7348,9.1300,2018-03-02,0.0000,9.1300,9.1300,9.1300,1.0000,4000
8.6774,9.0700,2018-03-01,0.0000,9.4500,9.0700,9.4500,1.0000,3602
9.0505,9.4600,2018-02-27,0.0000,9.4600,9.4600,9.4600,1.0000,2700
9.0409,9.4500,2018-02-26,0.0000,9.4500,9.3600,9.3600,1.0000,4192
9.0888,9.5000,2018-02-22,0.0000,9.5000,9.5000,9.5000,1.0000,6666
9.0658,9.4760,2018-02-16,0.0000,9.8300,9.4760,9.8300,1.0000,2244
9.1270,9.5400,2018-02-15,0.0000,9.5400,9.5000,9.5000,1.0000,1100
8.8400,9.2400,2018-02-14,0.0000,9.2400,9.2400,9.2400,1.0000,1500
8.8783,9.2800,2018-02-13,0.0000,9.3000,9.2800,9.2950,1.0000,1166
9.2801,9.7000,2018-02-12,0.0000,9.7000,9.5400,9.5400,1.0000,7000
8.8496,9.2500,2018-02-09,0.0000,9.4500,9.2500,9.4500,1.0000,4478
8.9931,9.4000,2018-02-08,0.0000,9.4600,9.2400,9.3500,1.0000,11465
8.8783,9.2800,2018-02-07,0.0000,9.2800,9.2800,9.2800,1.0000,1512
9.2227,9.6400,2018-02-06,0.0000,9.6400,9.2400,9.5100,1.0000,12116
9.3239,9.7458,2018-02-05,0.0000,9.7458,9.7458,9.7458,1.0000,2689
9.3423,9.7650,2018-02-02,0.0000,9.7650,9.7650,9.7650,1.0000,500
9.4619,9.8900,2018-02-01,0.0000,9.9000,9.7600,9.9000,1.0000,8678
9.4906,9.9200,2018-01-31,0.0000,9.9400,9.9000,9.9000,1.0000,1596
9.4714,9.9000,2018-01-30,0.0000,10.0000,9.9000,10.0000,1.0000,757
9.7298,10.1700,2018-01-29,0.0000,10.1700,10.0273,10.0273,1.0000,2341
9.5862,10.0200,2018-01-26,0.0000,10.0900,10.0006,10.0006,1.0000,4151
9.6819,10.1200,2018-01-25,0.0000,10.1200,10.0400,10.0400,1.0000,3000
9.4714,9.9000,2018-01-24,0.0000,9.9900,9.9000,9.9900,1.0000,1169
9.5575,9.9900,2018-01-23,0.0000,9.9900,9.9900,9.9900,1.0000,2700
9.3662,9.7900,2018-01-22,0.0000,9.8900,9.7900,9.8000,1.0000,1230
9.3519,9.7750,2018-01-19,0.0000,9.7750,9.5900,9.5900,1.0000,1161
9.1366,9.5500,2018-01-18,0.0000,9.6000,9.5300,9.6000,1.0000,1295
9.2083,9.6250,2018-01-17,0.0000,9.6650,9.6100,9.6100,1.0000,8122
9.2610,9.6800,2018-01-16,0.0000,9.7300,9.5900,9.6000,1.0000,3808
9.1366,9.5500,2018-01-12,0.0000,9.5500,9.4580,9.4580,1.0000,1226
8.9453,9.3500,2018-01-11,0.0000,9.3700,9.3400,9.3500,1.0000,6153
8.7348,9.1300,2018-01-10,0.0000,9.1300,9.0600,9.0600,1.0000,599
8.5052,8.8900,2018-01-09,0.0000,9.1700,8.8900,9.1700,1.0000,7684
8.8974,9.3000,2018-01-08,0.0000,9.3000,9.2700,9.2700,1.0000,2066
8.8017,9.2000,2018-01-05,0.0000,9.2000,9.1600,9.1600,1.0000,25969
8.6391,9.0300,2018-01-04,0.0000,9.0300,8.8900,8.8900,1.0000,5994
8.3617,8.7400,2018-01-03,0.0000,8.8800,8.7400,8.7800,1.0000,5366
8.1703,8.5400,2018-01-02,0.0000,8.7200,8.5400,8.7200,1.0000,1001
8.1033,8.4700,2017-12-29,0.0000,8.6400,8.4600,8.6400,1.0000,1651
8.1225,8.4900,2017-12-28,0.0000,8.4900,8.4900,8.4900,1.0000,476
8.0364,8.4000,2017-12-27,0.0000,8.5000,8.3800,8.3800,1.0000,7246
8.4956,8.8800,2017-12-26,0.0000,8.8800,8.4400,8.4400,1.0000,5233
8.0651,8.4300,2017-12-22,0.0000,8.4350,8.4300,8.4350,1.0000,4050
8.2181,8.5900,2017-12-21,0.0000,8.7000,8.3500,8.3500,1.0000,1684
7.8929,8.2500,2017-12-20,0.0000,8.2500,8.2000,8.2400,1.0000,11029
7.9024,8.2600,2017-12-19,0.0000,8.2600,8.2300,8.2500,1.0000,2148
7.8163,8.1700,2017-12-18,0.0000,8.2000,8.1700,8.1900,1.0000,1332
7.8355,8.1900,2017-12-15,0.0000,8.1900,8.1400,8.1900,1.0000,35827
7.8068,8.1600,2017-12-14,0.0000,8.1800,8.1550,8.1800,1.0000,2087
7.7494,8.1000,2017-12-13,0.0000,8.1200,8.0400,8.1200,1.0000,5050
7.6441,7.9900,2017-12-12,0.0000,7.9900,7.9900,7.9900,1.0000,732
7.7494,8.1000,2017-12-11,0.0000,8.1000,7.9800,7.9800,1.0000,2839
7.7494,8.1000,2017-12-08,0.0000,8.1000,7.9700,7.9700,1.0000,2978
7.5102,7.8500,2017-12-07,0.0000,7.8800,7.8100,7.8200,1.0000,39593
7.4623,7.8000,2017-12-06,0.0000,7.8100,7.8000,7.8100,1.0000,4019
7.4241,7.7600,2017-12-05,0.0000,7.9400,7.7600,7.9400,1.0000,23822
7.6250,7.9700,2017-12-04,0.0000,8.0350,7.9500,7.9500,1.0000,7832
7.5580,7.9000,2017-12-01,0.0000,7.9000,7.8500,7.8550,1.0000,8309
7.4623,7.8000,2017-11-30,0.0000,7.8500,7.8000,7.8000,1.0000,17458
7.4623,7.8000,2017-11-29,0.0000,7.8000,7.7200,7.7200,1.0000,2471
7.3284,7.6600,2017-11-28,0.0000,7.6600,7.5400,7.5400,1.0000,1150
7.2232,7.5500,2017-11-27,0.0000,7.6000,7.5000,7.5000,1.0000,34832
7.1371,7.4600,2017-11-24,0.0000,7.5600,7.4600,7.5000,1.0000,2336
7.1179,7.4400,2017-11-22,0.0000,7.5000,7.4000,7.4000,1.0000,16490
7.0749,7.3950,2017-11-21,0.0000,7.3950,7.3100,7.3950,1.0000,3946
6.9649,7.2800,2017-11-20,0.0000,7.3700,7.2800,7.3700,1.0000,10000
6.9362,7.2500,2017-11-17,0.0000,7.7000,7.2500,7.5100,1.0000,14442
7.2519,7.5800,2017-11-16,0.0000,7.5800,7.3300,7.3300,1.0000,28454
7.1084,7.4300,2017-11-15,0.0000,7.4300,7.4300,7.4300,1.0000,538
7.0892,7.4100,2017-11-14,0.0000,7.4100,7.4000,7.4000,1.0000,1828
7.0797,7.4000,2017-11-13,0.0000,7.4000,7.4000,7.4000,1.0000,256
7.0892,7.4100,2017-11-10,0.0000,7.4500,7.4100,7.4200,1.0000,3545
7.0892,7.4100,2017-11-09,0.0000,7.4500,7.4100,7.4500,1.0000,10597
7.1275,7.4500,2017-11-08,0.0000,7.5000,7.4500,7.5000,1.0000,2116
7.2136,7.5400,2017-11-07,0.0000,7.7000,7.5400,7.5400,1.0000,698
7.2327,7.5600,2017-11-06,0.0000,7.5600,7.5600,7.5600,1.0000,3346
7.4336,7.7700,2017-11-03,0.0000,7.7940,7.7700,7.7900,1.0000,873
7.4815,7.8200,2017-11-02,0.0000,7.9100,7.7800,7.8000,1.0000,17955
7.4863,7.8250,2017-11-01,0.0000,7.8250,7.8250,7.8250,1.0000,272
7.4432,7.7800,2017-10-31,0.0000,7.7800,7.7800,7.7800,1.0000,2666
7.4432,7.7800,2017-10-30,0.0000,7.8587,7.7800,7.7800,1.0000,8990
7.4623,7.8000,2017-10-27,0.0000,7.8000,7.6600,7.6600,1.0000,733
7.3667,7.7000,2017-10-26,0.0000,7.7000,7.5500,7.5500,1.0000,38346
7.0318,7.3500,2017-10-25,0.0000,7.5250,7.2997,7.5250,1.0000,11195
7.4145,7.7500,2017-10-24,0.0000,7.7500,7.6800,7.6800,1.0000,7000
7.2710,7.6000,2017-10-23,0.0000,7.6000,7.6000,7.6000,1.0000,830
7.3475,7.6800,2017-10-20,0.0000,7.8000,7.5400,7.8000,1.0000,25052
7.5963,7.9400,2017-10-19,0.0000,7.9400,7.7600,7.9000,1.0000,1455
7.6537,8.0000,2017-10-18,0.0000,8.0000,7.9650,7.9650,1.0000,2523
7.7015,8.0500,2017-10-17,0.0000,8.1100,8.0500,8.0820,1.0000,705
7.6824,8.0300,2017-10-16,0.0000,8.0600,8.0300,8.0600,1.0000,400
7.7589,8.1100,2017-10-13,0.0000,8.1400,8.1100,8.1400,1.0000,1011
7.8450,8.2000,2017-10-12,0.0000,8.3674,8.1500,8.3674,1.0000,18074
7.7207,8.0700,2017-10-11,0.0000,8.2592,8.0700,8.2592,1.0000,8506
7.8450,8.2000,2017-10-09,0.0000,8.2000,8.0200,8.0200,1.0000,560
7.5772,7.9200,2017-10-06,0.0000,8.0900,7.9200,8.0900,1.0000,1622
7.7589,8.1100,2017-10-05,0.0000,8.1100,7.9300,7.9660,1.0000,1558
7.5580,7.9000,2017-10-04,0.0000,7.9950,7.9000,7.9950,1.0000,3514
7.6154,7.9600,2017-10-03,0.0000,8.1600,7.9600,8.0100,1.0000,32465
7.6920,8.0400,2017-10-02,0.0000,8.1350,8.0000,8.0000,1.0000,1200
7.6346,7.9800,2017-09-29,0.0000,7.9800,7.9800,7.9800,1.0000,22
7.6346,7.9800,2017-09-28,0.0000,8.0750,7.9800,8.0750,1.0000,954
7.6537,8.0000,2017-09-26,0.0000,8.0200,8.0000,8.0200,1.0000,2161
7.7015,8.0500,2017-09-25,0.0000,8.0500,8.0500,8.0500,1.0000,83
7.7015,8.0500,2017-09-22,0.0000,8.0500,8.0500,8.0500,1.0000,117
7.6537,8.0000,2017-09-21,0.0000,8.0700,8.0000,8.0700,1.0000,466
7.8709,8.2270,2017-09-20,0.0000,8.2270,8.0315,8.0700,1.0000,1866
8.0364,8.4000,2017-09-19,0.0000,8.4000,8.1950,8.1950,1.0000,458
7.7494,8.1000,2017-09-18,0.0000,8.1000,8.1000,8.1000,1.0000,334
7.7781,8.1300,2017-09-15,0.0000,8.1300,8.1300,8.1300,1.0000,0
7.7781,8.1300,2017-09-14,0.0000,8.2100,8.1300,8.2100,1.0000,5926
7.8642,8.2200,2017-09-13,0.0000,8.2300,8.2000,8.2000,1.0000,2664
7.7876,8.1400,2017-09-12,0.0000,8.2000,8.1400,8.2000,1.0000,966
7.7207,8.0700,2017-09-11,0.0000,8.0700,8.0700,8.0700,1.0000,116
7.6728,8.0200,2017-09-08,0.0000,8.0200,8.0200,8.0200,1.0000,0
7.6728,8.0200,2017-09-07,0.0000,8.0200,8.0200,8.0200,1.0000,1083
7.7494,8.1000,2017-09-06,0.0000,8.1900,8.0000,8.0000,1.0000,3340
8.0938,8.4600,2017-09-05,0.0000,8.4600,8.4600,8.4600,1.0000,451
8.3234,8.7000,2017-09-01,0.0000,8.7000,8.2000,8.2000,1.0000,402
7.6537,8.0000,2017-08-31,0.0000,8.0000,8.0000,8.0000,1.0000,2
7.6537,8.0000,2017-08-30,0.0000,8.0000,8.0000,8.0000,1.0000,1
7.6537,8.0000,2017-08-29,0.0000,8.0000,8.0000,8.0000,1.0000,13
7.6537,8.0000,2017-08-28,0.0000,8.7000,8.0000,8.2000,1.0000,4452
7.9885,8.3500,2017-08-25,0.0000,8.4000,8.3000,8.3000,1.0000,2033
7.8929,8.2500,2017-08-24,0.0000,8.2500,8.2500,8.2500,1.0000,28
7.8929,8.2500,2017-08-23,0.0000,8.2500,8.2500,8.2500,1.0000,713
8.2277,8.6000,2017-08-22,0.0000,8.6000,8.2500,8.2500,1.0000,3390
7.9120,8.2700,2017-08-21,0.0000,8.2700,8.2700,8.2700,1.0000,37186
8.3234,8.7000,2017-08-18,0.0000,8.7000,8.6500,8.6500,1.0000,532
7.8450,8.2000,2017-08-17,0.0000,8.2000,8.2000,8.2000,1.0000,374
8.5626,8.9500,2017-08-16,0.0000,8.9500,8.9300,8.9300,1.0000,355
8.6295,9.0200,2017-08-15,0.0000,9.0200,8.3400,8.3400,1.0000,6333
7.9885,8.3500,2017-08-14,0.0000,8.7500,8.3000,8.7500,1.0000,14066
8.4669,8.8500,2017-08-11,0.0000,8.8500,7.7600,7.7600,1.0000,19465
7.9311,8.2900,2017-08-10,0.0000,8.2900,8.2900,8.2900,1.0000,668
7.9311,8.2900,2017-08-09,0.0000,8.2900,7.7100,8.2900,1.0000,2956
7.9407,8.3000,2017-08-08,0.0000,8.3000,8.3000,8.3000,1.0000,2141
7.7494,8.1000,2017-08-07,0.0000,8.1000,8.1000,8.1000,1.0000,865
7.7494,8.1000,2017-08-04,0.0000,8.3500,8.0000,8.0000,1.0000,1380
7.6537,8.0000,2017-08-03,0.0000,8.0000,8.0000,8.0000,1.0000,745
7.7494,8.1000,2017-08-02,0.0000,8.1000,8.1000,8.1000,1.0000,113
7.7494,8.1000,2017-08-01,0.0000,8.4000,8.1000,8.2300,1.0000,4282
7.8450,8.2000,2017-07-31,0.0000,8.2000,8.2000,8.2000,1.0000,10587
7.6059,7.9500,2017-07-28,0.0000,7.9500,7.9500,7.9500,1.0000,26
7.6059,7.9500,2017-07-27,0.0000,7.9500,7.9500,7.9500,1.0000,12470
7.6059,7.9500,2017-07-26,0.0000,8.1108,7.9500,8.0200,1.0000,16918
7.6059,7.9500,2017-07-25,0.0000,7.9500,7.9500,7.9500,1.0000,3141
